ID,Org Name,Total Networks Searched,Time Frame,Reason,Search Time,Search Type
cf33a254-c5d7-4ced-9c15-3150b5a0cf26,University of Minnesota MN PD (Twin Cities),479,"04/14/2026, 01:30:30 PM UTC
05/14/2026, 01:30:30 PM UTC",Larceny/Theft Offenses - theft,"05/14/2026, 09:23:44 PM UTC",lookup
89d14485-7a36-48e3-a874-5b45f9123fda,University of Minnesota MN PD (Twin Cities),479,"04/14/2026, 09:30:46 PM UTC
05/14/2026, 09:30:46 PM UTC",Larceny/Theft Offenses - theft,"05/14/2026, 09:23:48 PM UTC",lookup
e8961a31-4b25-411d-bfa9-62972cd810cf,University of Minnesota MN PD (Twin Cities),75,"05/13/2026, 04:30:15 PM UTC
05/14/2026, 04:30:15 PM UTC",Motor Vehicle Theft/Stolen - Vehicle stolen,"05/14/2026, 04:11:19 PM UTC",search
6a106f49-20a8-4d06-a414-0c2fba53fced,University of Minnesota MN PD (Twin Cities),479,"04/14/2026, 12:30:55 PM UTC
05/14/2026, 12:30:55 PM UTC",Destruction/Damage/Vandalism of Property - ,"05/14/2026, 12:10:57 PM UTC",lookup
391728da-9a09-42fc-8eac-389fa38089fd,University of Minnesota MN PD (Twin Cities),479,"04/14/2026, 12:30:55 PM UTC
05/14/2026, 12:30:55 PM UTC",Destruction/Damage/Vandalism of Property - ,"05/14/2026, 12:26:03 PM UTC",lookup
1315fc43-704f-47df-b79e-b7acaf81adff,University of Minnesota MN PD (Twin Cities),479,"05/11/2026, 12:30:00 PM UTC
05/11/2026, 02:00:00 PM UTC",Larceny/Theft Offenses - theft,"05/14/2026, 12:29:51 PM UTC",search
391d5185-d79f-48a1-9260-0611b77be401,University of Minnesota MN PD (Twin Cities),1,"05/11/2026, 12:30:00 PM UTC
05/11/2026, 02:00:00 PM UTC",Larceny/Theft Offenses - theft,"05/14/2026, 12:30:13 PM UTC",search
439ffaa8-b9f4-4910-8724-025ae3d33ec5,University of Minnesota MN PD (Twin Cities),1,"05/11/2026, 12:30:00 PM UTC
05/11/2026, 02:00:00 PM UTC",Larceny/Theft Offenses - theft,"05/14/2026, 12:32:08 PM UTC",search
04b1ec8e-98ed-4b6e-aac0-a00d08386f8b,University of Minnesota MN PD (Twin Cities),1,"05/11/2026, 12:30:00 PM UTC
05/11/2026, 02:00:00 PM UTC",Larceny/Theft Offenses - theft,"05/14/2026, 12:36:14 PM UTC",search
7a91c27b-4801-4a99-aa30-93ca6894e633,University of Minnesota MN PD (Twin Cities),1,"05/08/2026, 12:30:00 PM UTC
05/14/2026, 05:00:00 AM UTC",Larceny/Theft Offenses - theft,"05/14/2026, 12:40:55 PM UTC",search
d6b1b752-ecb0-4db0-b3ac-e53d0ac565b8,University of Minnesota MN PD (Twin Cities),1,"05/08/2026, 12:30:00 PM UTC
05/14/2026, 05:00:00 AM UTC",Larceny/Theft Offenses - theft,"05/14/2026, 12:41:01 PM UTC",search
0351e27b-9e49-4d88-bdce-4b6aa8817ede,University of Minnesota MN PD (Twin Cities),1,"04/14/2026, 01:00:07 PM UTC
05/14/2026, 01:00:07 PM UTC",Larceny/Theft Offenses - theft,"05/14/2026, 12:58:16 PM UTC",lookup
a049bf95-a673-4ec0-bad7-1cc6ab18cff1,University of Minnesota MN PD (Twin Cities),1,"04/14/2026, 01:00:07 PM UTC
05/14/2026, 01:00:07 PM UTC",Larceny/Theft Offenses - theft,"05/14/2026, 01:02:32 PM UTC",lookup
6a2b250f-b660-46f3-abe6-6b5e6bdd846a,University of Minnesota MN PD (Twin Cities),479,"04/14/2026, 01:00:07 PM UTC
05/14/2026, 01:00:07 PM UTC",Larceny/Theft Offenses - theft,"05/14/2026, 01:02:44 PM UTC",lookup
7e3604c2-ff1d-4b43-95cf-0586094443cf,University of Minnesota MN PD (Twin Cities),479,"04/14/2026, 01:00:07 PM UTC
05/14/2026, 01:00:07 PM UTC",Larceny/Theft Offenses - theft,"05/14/2026, 01:03:22 PM UTC",lookup
5ece967a-fbd6-417b-8e33-c6bfe3cecf5a,University of Minnesota MN PD (Twin Cities),1,"05/10/2026, 01:00:00 PM UTC
05/12/2026, 01:00:00 PM UTC",Larceny/Theft Offenses - theft,"05/14/2026, 01:12:59 PM UTC",search
f547380b-b9b2-4bf9-b6fd-e668656a4874,University of Minnesota MN PD (Twin Cities),1,"05/10/2026, 01:00:00 PM UTC
05/12/2026, 01:00:00 PM UTC",Larceny/Theft Offenses - theft,"05/14/2026, 01:14:39 PM UTC",search
92655b5c-4216-4e9e-a5db-247abc35adaf,University of Minnesota MN PD (Twin Cities),479,"04/14/2026, 01:30:30 PM UTC
05/14/2026, 01:30:30 PM UTC",Larceny/Theft Offenses - theft,"05/14/2026, 01:17:45 PM UTC",lookup
ee131b93-8221-4359-addf-398510919a5a,University of Minnesota MN PD (Twin Cities),479,"04/14/2026, 01:30:30 PM UTC
05/14/2026, 01:30:30 PM UTC",Larceny/Theft Offenses - theft,"05/14/2026, 01:17:57 PM UTC",lookup
bb7ff505-162c-4630-a849-c8d1f4e96532,University of Minnesota MN PD (Twin Cities),479,"04/14/2026, 01:30:30 PM UTC
05/14/2026, 01:30:30 PM UTC",Larceny/Theft Offenses - theft,"05/14/2026, 01:18:05 PM UTC",lookup
3c63cc51-874d-4a5d-bfd6-750d57bb91a3,University of Minnesota MN PD (Twin Cities),479,"04/14/2026, 01:30:30 PM UTC
05/14/2026, 01:30:30 PM UTC",Larceny/Theft Offenses - theft,"05/14/2026, 01:18:17 PM UTC",lookup
63fcfa30-ad69-45b7-82e9-4932047d0c6a,University of Minnesota MN PD (Twin Cities),479,"04/15/2026, 07:00:21 PM UTC
05/15/2026, 07:00:21 PM UTC",Drugs/Narcotics - suspicious vehicle,"05/15/2026, 06:41:28 PM UTC",lookup
b032cadb-8eec-4e6c-a4c3-c1933ce4dfcc,University of Minnesota MN PD (Twin Cities),1,"05/15/2026, 06:30:34 PM UTC
05/15/2026, 08:30:34 PM UTC",Larceny/Theft Offenses - ,"05/15/2026, 08:23:59 PM UTC",search
4648c412-613a-475c-b27f-727c4957e82a,University of Minnesota MN PD (Twin Cities),1,"05/14/2026, 08:30:07 PM UTC
05/15/2026, 08:30:07 PM UTC",Larceny/Theft Offenses - ,"05/15/2026, 08:24:08 PM UTC",search
59c69e46-8274-4c74-8470-7746a90c2153,University of Minnesota MN PD (Twin Cities),1,"05/14/2026, 03:30:52 PM UTC
05/15/2026, 03:30:52 PM UTC",Motor Vehicle Theft/Stolen - ,"05/15/2026, 03:13:59 PM UTC",lookup
57568729-51ef-42dc-b36e-a71e9dbf8599,University of Minnesota MN PD (Twin Cities),75,"05/14/2026, 12:00:32 PM UTC
05/14/2026, 02:00:32 PM UTC",Motor Vehicle Theft/Stolen - Vehicle stolen,"05/14/2026, 01:38:23 PM UTC",lookup
71f6d033-2470-459d-9079-504730825e41,University of Minnesota MN PD (Twin Cities),75,"05/13/2026, 02:00:40 PM UTC
05/14/2026, 02:00:40 PM UTC",Motor Vehicle Theft/Stolen - Vehicle stolen,"05/14/2026, 01:38:41 PM UTC",lookup
ca53557a-5c26-4519-a823-17dffdc2dbd7,University of Minnesota MN PD (Twin Cities),75,"05/13/2026, 02:00:40 PM UTC
05/14/2026, 02:00:40 PM UTC",Motor Vehicle Theft/Stolen - Vehicle stolen,"05/14/2026, 01:38:52 PM UTC",lookup
f1f8fd91-855e-48bd-bcff-a045ffa71fca,University of Minnesota MN PD (Twin Cities),479,"04/14/2026, 01:30:30 PM UTC
05/14/2026, 01:30:30 PM UTC",Larceny/Theft Offenses - theft,"05/14/2026, 01:43:23 PM UTC",lookup
1dd700cb-81f9-4d33-b426-15351b74644e,University of Minnesota MN PD (Twin Cities),479,"04/14/2026, 01:30:30 PM UTC
05/14/2026, 01:30:30 PM UTC",Larceny/Theft Offenses - theft,"05/14/2026, 01:55:09 PM UTC",lookup
4b3e6593-c72c-4a9b-bdee-d5dc009bf230,University of Minnesota MN PD (Twin Cities),479,"04/14/2026, 01:30:30 PM UTC
05/14/2026, 01:30:30 PM UTC",Larceny/Theft Offenses - theft,"05/14/2026, 01:56:17 PM UTC",lookup
ec1d5931-4d71-46dd-aecb-5b6a178222e0,University of Minnesota MN PD (Twin Cities),479,"04/14/2026, 09:30:46 PM UTC
05/14/2026, 09:30:46 PM UTC",Larceny/Theft Offenses - theft,"05/14/2026, 09:31:22 PM UTC",lookup
df69ec21-a61a-4ef4-82cf-7a63d6d91342,University of Minnesota MN PD (Twin Cities),479,"04/14/2026, 09:30:46 PM UTC
05/14/2026, 09:30:46 PM UTC",Larceny/Theft Offenses - theft,"05/14/2026, 09:36:05 PM UTC",lookup
a46d608f-1edd-4b30-a7cc-291107b9381e,University of Minnesota MN PD (Twin Cities),479,"04/14/2026, 09:30:46 PM UTC
05/14/2026, 09:30:46 PM UTC",Larceny/Theft Offenses - theft,"05/14/2026, 09:37:24 PM UTC",lookup
3053d95c-50f8-4591-a4b3-5c1248ab5d8a,University of Minnesota MN PD (Twin Cities),479,"04/14/2026, 09:30:46 PM UTC
05/14/2026, 09:30:46 PM UTC",Larceny/Theft Offenses - theft,"05/14/2026, 09:38:21 PM UTC",lookup
afe0a710-8d5d-4ba8-ab00-61f762ee2b12,University of Minnesota MN PD (Twin Cities),479,"04/14/2026, 09:30:46 PM UTC
05/14/2026, 09:30:46 PM UTC",Larceny/Theft Offenses - theft,"05/14/2026, 09:39:06 PM UTC",lookup
422c94be-8664-461d-a29a-6525c857c68c,University of Minnesota MN PD (Twin Cities),479,"04/14/2026, 09:30:46 PM UTC
05/14/2026, 09:30:46 PM UTC",Larceny/Theft Offenses - theft,"05/14/2026, 09:41:18 PM UTC",lookup
333d9488-037a-4fe3-9224-2ae5ad005331,University of Minnesota MN PD (Twin Cities),479,"04/14/2026, 09:30:46 PM UTC
05/14/2026, 09:30:46 PM UTC",Larceny/Theft Offenses - theft,"05/14/2026, 09:43:28 PM UTC",lookup
5265fe3a-544b-417e-82eb-3cad9bca48d0,University of Minnesota MN PD (Twin Cities),479,"04/14/2026, 09:30:46 PM UTC
05/14/2026, 09:30:46 PM UTC",Larceny/Theft Offenses - theft,"05/14/2026, 09:43:43 PM UTC",lookup
1d303752-9d78-489e-b596-b79a412b76ea,University of Minnesota MN PD (Twin Cities),479,"05/11/2026, 09:30:00 AM UTC
05/12/2026, 02:30:00 AM UTC",Larceny/Theft Offenses - theft,"05/14/2026, 09:47:21 PM UTC",search
b1179231-c039-415c-baaa-5345f966354e,University of Minnesota MN PD (Twin Cities),479,"05/11/2026, 09:30:00 AM UTC
05/12/2026, 02:30:00 AM UTC",Larceny/Theft Offenses - theft,"05/14/2026, 09:55:48 PM UTC",search
0f55f9ba-4294-40ed-9317-bf3259814663,University of Minnesota MN PD (Twin Cities),479,"05/11/2026, 12:15:00 PM UTC
05/11/2026, 02:15:00 PM UTC",Larceny/Theft Offenses - theft,"05/14/2026, 09:56:34 PM UTC",search
d04bea57-ef78-4db5-aa24-a5289c818ac8,University of Minnesota MN PD (Twin Cities),1,"05/01/2026, 01:00:00 AM UTC
05/02/2026, 05:00:00 AM UTC",Burglary/Breaking & Entering - Vehicle Related to Poss Steam Tunnel Breakin,"05/04/2026, 06:14:52 PM UTC",lookup
72636d87-ab75-4e94-8c8d-fa31e8e37151,University of Minnesota MN PD (Twin Cities),1,"04/30/2026, 11:00:00 PM UTC
05/02/2026, 05:00:00 AM UTC",Burglary/Breaking & Entering - Vehicle Related to Poss Steam Tunnel Breakin,"05/04/2026, 06:14:59 PM UTC",lookup
cbf0930c-a5f4-462a-b1dc-a0159b27b675,University of Minnesota MN PD (Twin Cities),75,"04/21/2026, 03:30:00 PM UTC
05/04/2026, 05:30:00 PM UTC",Burglary/Breaking & Entering - ,"05/04/2026, 05:05:47 PM UTC",lookup
f008ade9-8a2b-41ce-99b6-818cc4656d87,University of Minnesota MN PD (Twin Cities),1,"05/03/2026, 06:30:23 AM UTC
05/04/2026, 06:30:23 PM UTC",Obstructing the Police (Fleeing/Eluding) - WT,"05/04/2026, 06:02:24 PM UTC",lookup
e965a049-012b-420c-bb1b-46801cbbd076,University of Minnesota MN PD (Twin Cities),1,"05/02/2026, 06:30:28 PM UTC
05/04/2026, 06:30:28 PM UTC",Obstructing the Police (Fleeing/Eluding) - WT,"05/04/2026, 06:02:28 PM UTC",lookup
5b5e3650-ef8c-41f3-b37e-4a5f240ab576,University of Minnesota MN PD (Twin Cities),73,"05/02/2026, 06:30:28 PM UTC
05/04/2026, 06:30:28 PM UTC",Obstructing the Police (Fleeing/Eluding) - WT,"05/04/2026, 06:02:36 PM UTC",lookup
e6bc3f03-c960-4e68-9fb0-ded41faf9d41,University of Minnesota MN PD (Twin Cities),75,"04/04/2026, 07:30:05 PM UTC
05/04/2026, 07:30:05 PM UTC",Obstructing the Police (Fleeing/Eluding) - Flee Police in Mv,"05/04/2026, 07:19:11 PM UTC",search
c3f6f368-9a26-4a9d-aabe-1ecb447e7f5f,University of Minnesota MN PD (Twin Cities),75,"04/04/2026, 07:30:05 PM UTC
05/04/2026, 07:30:05 PM UTC",Obstructing the Police (Fleeing/Eluding) - Flee Police in Mv,"05/04/2026, 07:22:42 PM UTC",lookup
2afb70a0-57f2-4f7b-af3e-2f5a1dcd339d,University of Minnesota MN PD (Twin Cities),75,"04/04/2026, 07:30:05 PM UTC
05/04/2026, 07:30:05 PM UTC",Obstructing the Police (Fleeing/Eluding) - Flee Police in Mv,"05/04/2026, 07:24:06 PM UTC",search
3fcef660-1d28-4692-909b-17c9bdc4da4b,University of Minnesota MN PD (Twin Cities),75,"04/05/2026, 03:30:15 PM UTC
05/05/2026, 03:30:15 PM UTC",Criminal Motor Vehicle Offense (incl. Road Rage/Reckless) - Driver ID,"05/05/2026, 03:14:27 PM UTC",search
004c7d7b-a8bd-4b95-bf75-85f2c1133578,University of Minnesota MN PD (Twin Cities),75,"05/04/2026, 02:30:19 PM UTC
05/04/2026, 04:30:19 PM UTC",Obstructing the Police (Fleeing/Eluding) - Flee Police in MW,"05/04/2026, 04:03:26 PM UTC",lookup
9f8b03d8-1d61-4728-802c-9677c46dd3ea,University of Minnesota MN PD (Twin Cities),75,"05/03/2026, 02:30:00 PM UTC
05/04/2026, 04:30:00 PM UTC",Obstructing the Police (Fleeing/Eluding) - Flee Police in MW,"05/04/2026, 04:03:44 PM UTC",lookup
cad7b3e6-7137-41a1-aaf1-20fac3f35347,University of Minnesota MN PD (Twin Cities),75,"05/03/2026, 02:30:00 PM UTC
05/04/2026, 04:30:00 PM UTC",Obstructing the Police (Fleeing/Eluding) - Flee Police in MW,"05/04/2026, 04:04:00 PM UTC",lookup
4d70b008-6e48-4d33-a7a9-a40e9667e0d6,University of Minnesota MN PD (Twin Cities),75,"04/27/2026, 04:30:04 PM UTC
05/04/2026, 04:30:04 PM UTC",Obstructing the Police (Fleeing/Eluding) - Flee Police in MW,"05/04/2026, 04:04:07 PM UTC",lookup
87673f42-545e-4faa-973b-7c33949d3dd2,University of Minnesota MN PD (Twin Cities),75,"04/27/2026, 04:30:04 PM UTC
05/04/2026, 04:30:04 PM UTC",Obstructing the Police (Fleeing/Eluding) - Flee Police in MW,"05/04/2026, 04:04:33 PM UTC",search
5dc5b18e-96e9-41a0-9216-e4ce2aba3635,University of Minnesota MN PD (Twin Cities),75,"04/27/2026, 04:30:04 PM UTC
05/04/2026, 04:30:04 PM UTC",Obstructing the Police (Fleeing/Eluding) - Flee Police in Mv,"05/04/2026, 04:04:54 PM UTC",search
1cda2782-9da7-4d59-8fb2-47ddae60ad48,University of Minnesota MN PD (Twin Cities),75,"04/27/2026, 04:30:04 PM UTC
05/04/2026, 04:30:04 PM UTC",Obstructing the Police (Fleeing/Eluding) - Flee Police in Mv,"05/04/2026, 04:05:01 PM UTC",search
51df0300-3394-4255-8b7a-7495632d170b,University of Minnesota MN PD (Twin Cities),75,"04/27/2026, 04:30:04 PM UTC
05/04/2026, 04:30:04 PM UTC",Obstructing the Police (Fleeing/Eluding) - Flee Police in Mv,"05/04/2026, 04:05:28 PM UTC",search
d5a10711-3929-48c7-85e5-6a5e80d744a9,University of Minnesota MN PD (Twin Cities),74,"05/03/2026, 07:30:46 PM UTC
05/05/2026, 07:30:46 PM UTC",Obstructing the Police (Fleeing/Eluding) - St. Anthony Flee Vehicle,"05/05/2026, 07:07:49 PM UTC",lookup
a06fda6c-232f-443f-8f1c-9a882cbad99c,University of Minnesota MN PD (Twin Cities),75,"05/05/2026, 07:30:37 PM UTC
05/05/2026, 09:30:37 PM UTC",Burglary/Breaking & Entering - ,"05/05/2026, 09:17:48 PM UTC",lookup
f3fbb3bf-fa16-41e4-81a9-280a7d46ad53,University of Minnesota MN PD (Twin Cities),75,"04/30/2026, 07:30:00 PM UTC
05/05/2026, 09:30:00 PM UTC",Burglary/Breaking & Entering - ,"05/05/2026, 09:17:59 PM UTC",lookup
d4f01b8d-9e56-4d85-af98-721231151394,University of Minnesota MN PD (Twin Cities),73,"05/01/2026, 01:30:00 PM UTC
05/04/2026, 03:30:54 PM UTC",Obstructing the Police (Fleeing/Eluding) - TLE Flee,"05/04/2026, 03:21:26 PM UTC",lookup
64afa26c-5498-4e69-861d-04e4930825be,University of Minnesota MN PD (Twin Cities),73,"04/26/2026, 01:30:00 PM UTC
05/04/2026, 03:30:54 PM UTC",Obstructing the Police (Fleeing/Eluding) - TLE Flee,"05/04/2026, 03:21:31 PM UTC",lookup
9d32f0ad-c32a-49ea-a0a2-a0b2de9b9a42,University of Minnesota MN PD (Twin Cities),1,"05/03/2026, 07:30:00 AM UTC
05/06/2026, 08:00:00 AM UTC",Destruction/Damage/Vandalism of Property - suspect vehicle,"05/06/2026, 08:51:35 PM UTC",search
9f5f381b-9a34-4497-b5bd-b7eb9cde056b,University of Minnesota MN PD (Twin Cities),73,"05/20/2026, 05:00:46 PM UTC
05/20/2026, 07:00:46 PM UTC",Motor Vehicle Theft/Stolen - Auto Theft,"05/20/2026, 06:55:19 PM UTC",lookup
020b4aea-27fd-4cc2-9707-733dafdb9f26,University of Minnesota MN PD (Twin Cities),76,"05/19/2026, 05:00:30 PM UTC
05/19/2026, 07:00:30 PM UTC",Traffic Infraction - ,"05/19/2026, 06:42:39 PM UTC",search
9a1c3771-58ec-4834-8aba-ef60e4573aa6,University of Minnesota MN PD (Twin Cities),1,"05/19/2026, 05:00:00 PM UTC
05/19/2026, 05:15:00 PM UTC",Traffic Infraction - ,"05/19/2026, 06:43:39 PM UTC",search
55708039-1bf0-48e3-b395-f1b5fedf31b1,University of Minnesota MN PD (Twin Cities),73,"05/20/2026, 04:30:24 PM UTC
05/20/2026, 06:30:24 PM UTC",Motor Vehicle Theft/Stolen - Auto Theft,"05/20/2026, 06:28:32 PM UTC",lookup
592ed81f-ba4b-42e8-8876-92dcadb18763,University of Minnesota MN PD (Twin Cities),477,"04/21/2026, 12:30:45 PM UTC
05/21/2026, 12:30:45 PM UTC",Destruction/Damage/Vandalism of Property - ,"05/21/2026, 12:25:47 PM UTC",lookup
d9358d4f-bc63-4a7a-8d64-87d1df47b9e5,University of Minnesota MN PD (Twin Cities),73,"05/20/2026, 01:00:59 PM UTC
05/21/2026, 01:00:59 PM UTC",Motor Vehicle Theft/Stolen - STOLEN VEH,"05/21/2026, 12:53:04 PM UTC",lookup
6e847014-8fc4-4111-bdad-da36df545464,University of Minnesota MN PD (Twin Cities),73,"05/14/2026, 01:00:12 PM UTC
05/21/2026, 01:00:12 PM UTC",Motor Vehicle Theft/Stolen - STOLEN VEH,"05/21/2026, 12:53:16 PM UTC",lookup
ac38b55e-b92b-49a2-a377-35a19f3c70fe,University of Minnesota MN PD (Twin Cities),73,"05/14/2026, 01:00:12 PM UTC
05/21/2026, 01:00:12 PM UTC",Motor Vehicle Theft/Stolen - STOLEN VEH,"05/21/2026, 01:25:57 PM UTC",lookup
f045ea99-177f-4301-a570-b174f5f49f0c,University of Minnesota MN PD (Twin Cities),73,"05/14/2026, 01:00:12 PM UTC
05/21/2026, 01:00:12 PM UTC",Motor Vehicle Theft/Stolen - STOLEN VEH,"05/21/2026, 01:26:09 PM UTC",lookup
279c83f8-5fa8-4457-935b-ef0cd1e67c0d,University of Minnesota MN PD (Twin Cities),1,"05/10/2026, 05:00:17 AM UTC
05/10/2026, 07:00:17 AM UTC",Obstructing the Police (Fleeing/Eluding) - HC FLee,"05/10/2026, 06:46:56 AM UTC",search
6107cce7-03b6-4634-ad1f-de35df56f1f8,University of Minnesota MN PD (Twin Cities),1,"05/10/2026, 05:00:17 AM UTC
05/10/2026, 07:00:17 AM UTC",Obstructing the Police (Fleeing/Eluding) - HC FLee,"05/10/2026, 06:47:38 AM UTC",search
7547aaad-58c5-412d-bbc6-66d736771dcd,University of Minnesota MN PD (Twin Cities),1,"05/10/2026, 05:00:17 AM UTC
05/10/2026, 07:00:17 AM UTC",Obstructing the Police (Fleeing/Eluding) - HC FLee,"05/10/2026, 06:47:42 AM UTC",search
d5d15679-efe2-41f8-8921-90ca3f3eceeb,University of Minnesota MN PD (Twin Cities),1,"05/10/2026, 05:00:17 AM UTC
05/10/2026, 07:00:17 AM UTC",Obstructing the Police (Fleeing/Eluding) - HC FLee,"05/10/2026, 06:47:45 AM UTC",search
3dbc37ec-550b-4872-ba81-bc4bc0482587,University of Minnesota MN PD (Twin Cities),1,"05/10/2026, 05:00:17 AM UTC
05/10/2026, 06:00:00 AM UTC",Obstructing the Police (Fleeing/Eluding) - HC FLee,"05/10/2026, 06:48:27 AM UTC",search
8b239fc3-d070-43a0-bf12-53ce15725dda,University of Minnesota MN PD (Twin Cities),1,"05/08/2026, 07:00:31 AM UTC
05/10/2026, 07:00:31 AM UTC",Obstructing the Police (Fleeing/Eluding) - HC FLee,"05/10/2026, 06:49:44 AM UTC",search
f85c19c0-1202-4503-85a8-ae3ec21ff712,University of Minnesota MN PD (Twin Cities),1,"05/08/2026, 07:00:31 AM UTC
05/10/2026, 07:00:31 AM UTC",Obstructing the Police (Fleeing/Eluding) - HC FLee,"05/10/2026, 06:50:54 AM UTC",search
42de6e85-f421-4b71-8944-e3dfae68cca9,University of Minnesota MN PD (Twin Cities),78,"05/09/2026, 08:00:36 PM UTC
05/10/2026, 08:00:36 PM UTC",Motor Vehicle Theft/Stolen - ,"05/10/2026, 07:39:37 PM UTC",lookup
f4b5dbe7-01cf-486b-b676-5b1bf147a108,University of Minnesota MN PD (Twin Cities),78,"05/10/2026, 04:00:46 AM UTC
05/10/2026, 06:00:46 AM UTC",Traffic Infraction - ,"05/10/2026, 05:37:30 AM UTC",search
2e7f1fc0-5a29-472c-9907-9ce6fa145b05,University of Minnesota MN PD (Twin Cities),1,"05/10/2026, 04:00:46 AM UTC
05/10/2026, 06:00:46 AM UTC",Traffic Infraction - ,"05/10/2026, 05:37:56 AM UTC",search
7cc6602f-6e27-482d-b4b8-32f63f4503ce,University of Minnesota MN PD (Twin Cities),1,"05/10/2026, 04:00:46 AM UTC
05/10/2026, 06:00:46 AM UTC",Traffic Infraction - ,"05/10/2026, 05:38:04 AM UTC",search
b65eb9bc-a7b5-4c10-a3dd-a37181078617,University of Minnesota MN PD (Twin Cities),1,"05/10/2026, 04:00:46 AM UTC
05/10/2026, 06:00:46 AM UTC",Traffic Infraction - FLEE,"05/10/2026, 06:06:43 AM UTC",search
ab2d9740-7589-45fc-9786-b85d4d790ae3,University of Minnesota MN PD (Twin Cities),1,"05/10/2026, 04:00:46 AM UTC
05/10/2026, 06:00:46 AM UTC",Traffic Infraction - FLEE,"05/10/2026, 06:07:57 AM UTC",search
71810996-fafd-45e9-8cda-076ef9d01fa5,University of Minnesota MN PD (Twin Cities),479,"04/11/2026, 12:00:22 PM UTC
05/11/2026, 12:00:22 PM UTC",Destruction/Damage/Vandalism of Property - ,"05/11/2026, 11:47:21 AM UTC",lookup
b03456b8-4c9f-4318-9ada-b7b1ce3d2aa5,University of Minnesota MN PD (Twin Cities),475,"05/11/2026, 02:05:12 PM UTC
05/12/2026, 02:05:12 PM UTC","Drugs/Narcotics, Wanted Person (Arrest Warrant/Fugitive) - ","05/12/2026, 02:05:13 PM UTC",lookup - Mobile
b6ff190f-df24-4b0e-a095-929a1d138031,University of Minnesota MN PD (Twin Cities),475,"05/05/2026, 02:05:20 PM UTC
05/12/2026, 02:05:20 PM UTC","Drugs/Narcotics, Wanted Person (Arrest Warrant/Fugitive) - ","05/12/2026, 02:05:22 PM UTC",lookup - Mobile
0b9aad34-3acf-4663-aa8d-565ee8672c7d,University of Minnesota MN PD (Twin Cities),75,"05/11/2026, 02:30:36 PM UTC
05/11/2026, 04:30:36 PM UTC",Destruction/Damage/Vandalism of Property - ,"05/11/2026, 04:06:56 PM UTC",lookup
5d8c1f68-e511-43bd-869a-1518419010dd,University of Minnesota MN PD (Twin Cities),75,"05/07/2026, 02:30:00 PM UTC
05/11/2026, 04:30:00 PM UTC",Destruction/Damage/Vandalism of Property - ,"05/11/2026, 04:07:05 PM UTC",lookup
284e725a-5934-4dc2-8c4b-4f20967f73e3,University of Minnesota MN PD (Twin Cities),1,"05/07/2026, 02:30:00 PM UTC
05/11/2026, 04:30:00 PM UTC",Destruction/Damage/Vandalism of Property - ,"05/11/2026, 04:07:48 PM UTC",lookup
e6558856-79d9-4b09-8373-175db8d3a14f,University of Minnesota MN PD (Twin Cities),479,"04/11/2026, 08:30:11 PM UTC
05/11/2026, 08:30:11 PM UTC",Destruction/Damage/Vandalism of Property - ,"05/11/2026, 08:01:19 PM UTC",lookup
afd4bbaa-c0d6-4367-8a10-91252fc0f5f5,University of Minnesota MN PD (Twin Cities),75,"05/12/2026, 12:30:00 AM UTC
05/12/2026, 02:30:00 AM UTC",Larceny/Theft Offenses - ,"05/12/2026, 09:06:19 PM UTC",search
ca424a6b-87a9-47e5-a085-1a572c37df23,University of Minnesota MN PD (Twin Cities),75,"05/12/2026, 12:30:00 AM UTC
05/12/2026, 02:30:00 AM UTC",Larceny/Theft Offenses - ,"05/12/2026, 09:06:27 PM UTC",search
57db4861-7576-4d7f-849e-eb7028e4dcca,University of Minnesota MN PD (Twin Cities),1,"05/12/2026, 12:30:00 AM UTC
05/12/2026, 02:30:00 AM UTC",Larceny/Theft Offenses - ,"05/12/2026, 09:06:52 PM UTC",search
c205c2a2-ebb9-4e24-8c24-ff077fa7c576,University of Minnesota MN PD (Twin Cities),1,"05/11/2026, 11:30:00 PM UTC
05/12/2026, 02:30:00 AM UTC",Larceny/Theft Offenses - ,"05/12/2026, 09:07:24 PM UTC",search
cd391f48-10dd-4a59-8f29-0a3055895231,University of Minnesota MN PD (Twin Cities),479,"05/11/2026, 02:00:00 PM UTC
05/12/2026, 04:00:00 PM UTC",Disorderly Conduct/Disturbance - stalking sorority,"05/12/2026, 03:48:35 PM UTC",lookup
36fbdab6-c47d-461a-b642-f132b6ca1d03,University of Minnesota MN PD (Twin Cities),99,"04/12/2026, 04:00:41 PM UTC
05/12/2026, 04:00:41 PM UTC",Disorderly Conduct/Disturbance - stalking sorority,"05/12/2026, 03:49:46 PM UTC",lookup
b9337549-61c5-4c7c-bcc1-9cea1440043d,University of Minnesota MN PD (Twin Cities),99,"04/12/2026, 04:00:30 PM UTC
05/12/2026, 04:00:30 PM UTC",Disorderly Conduct/Disturbance - stalking sorority,"05/12/2026, 03:55:50 PM UTC",lookup
238f9750-6e86-4a91-9678-702405ea3eb7,University of Minnesota MN PD (Twin Cities),99,"04/12/2026, 04:00:30 PM UTC
05/12/2026, 04:00:30 PM UTC",Disorderly Conduct/Disturbance - stalking sorority,"05/12/2026, 03:56:19 PM UTC",lookup
30175c8a-dc74-425e-b1e4-c424a7edb6ca,University of Minnesota MN PD (Twin Cities),479,"04/12/2026, 04:00:30 PM UTC
05/12/2026, 04:00:30 PM UTC",Disorderly Conduct/Disturbance - stalking sorority,"05/12/2026, 03:59:56 PM UTC",lookup
4a7dfa25-0708-4ae7-a548-d4d6a6a81ddf,University of Minnesota MN PD (Twin Cities),75,"05/12/2026, 04:30:06 PM UTC
05/12/2026, 06:30:06 PM UTC",Hit and Run/Car Accident - Suspect Vehicle,"05/12/2026, 06:16:46 PM UTC",lookup
ead06aa3-9641-448d-b742-aa9e65be9ff9,University of Minnesota MN PD (Twin Cities),1,"05/01/2026, 12:30:00 AM UTC
05/01/2026, 03:30:00 AM UTC",Assault/Battery Offenses - ,"05/01/2026, 03:43:28 PM UTC",search
48fd3ce2-28a0-4f49-a0fa-fef8163df2cb,University of Minnesota MN PD (Twin Cities),1,"05/01/2026, 12:30:00 AM UTC
05/01/2026, 03:30:00 AM UTC",Assault/Battery Offenses - ,"05/01/2026, 03:43:39 PM UTC",search
777ffd92-79ce-4554-aff5-c75aad185b66,University of Minnesota MN PD (Twin Cities),1,"04/29/2026, 04:00:28 PM UTC
05/01/2026, 04:00:28 PM UTC",Assault/Battery Offenses - ,"05/01/2026, 03:44:31 PM UTC",search
f044818c-7e3a-41dd-be7f-39d634d41c52,University of Minnesota MN PD (Twin Cities),481,"04/29/2026, 04:00:28 PM UTC
05/01/2026, 04:00:28 PM UTC",Assault/Battery Offenses - ,"05/01/2026, 03:45:07 PM UTC",search
07e22b98-10ba-4b5d-bf92-3d865a8c6048,University of Minnesota MN PD (Twin Cities),1,"05/01/2026, 01:30:00 AM UTC
05/01/2026, 02:30:00 AM UTC",Assault/Battery Offenses - ,"05/01/2026, 02:38:57 PM UTC",search
73ba781f-01b3-4a22-9a17-420101a211cf,University of Minnesota MN PD (Twin Cities),1,"05/01/2026, 01:30:00 AM UTC
05/02/2026, 02:30:00 AM UTC",Assault/Battery Offenses - ,"05/01/2026, 02:28:43 PM UTC",search
03d3e88e-baa1-4347-b556-2c159304deef,University of Minnesota MN PD (Twin Cities),1,"05/01/2026, 01:30:00 AM UTC
05/01/2026, 02:30:00 AM UTC",Assault/Battery Offenses - ,"05/01/2026, 02:29:42 PM UTC",search
27bcf5f1-333b-489f-9c4d-03ee02076b87,University of Minnesota MN PD (Twin Cities),1,"05/01/2026, 01:30:00 AM UTC
05/01/2026, 02:30:00 AM UTC",Assault/Battery Offenses - ,"05/01/2026, 02:29:50 PM UTC",search
5b2dfb15-ec2c-4352-b454-c256eac2689f,University of Minnesota MN PD (Twin Cities),1,"05/01/2026, 01:30:00 AM UTC
05/01/2026, 02:30:00 AM UTC",Assault/Battery Offenses - ,"05/01/2026, 02:30:19 PM UTC",search
41e6b174-90df-44f0-b321-7588e8fc1171,University of Minnesota MN PD (Twin Cities),1,"04/30/2026, 01:30:27 PM UTC
05/01/2026, 01:30:27 PM UTC",Motor Vehicle Theft/Stolen - ,"05/01/2026, 01:10:36 PM UTC",lookup
a56c49b2-f591-4c76-bbb7-3c39de0c1e3e,University of Minnesota MN PD (Twin Cities),481,"04/01/2026, 06:00:41 PM UTC
05/01/2026, 06:00:41 PM UTC",Larceny/Theft Offenses - ,"05/01/2026, 05:40:47 PM UTC",search
3c5547c7-4801-42a7-abce-65bc4580d5d3,University of Minnesota MN PD (Twin Cities),481,"04/01/2026, 06:00:41 PM UTC
05/01/2026, 06:00:41 PM UTC",Larceny/Theft Offenses - ,"05/01/2026, 05:42:04 PM UTC",search
4ed554f8-3001-4726-aee8-500e27f576dd,University of Minnesota MN PD (Twin Cities),481,"04/01/2026, 06:00:41 PM UTC
05/01/2026, 06:00:41 PM UTC",Larceny/Theft Offenses - ,"05/01/2026, 05:42:39 PM UTC",search
3241079a-41ba-4eb6-8c38-eb8ad93f5069,University of Minnesota MN PD (Twin Cities),481,"04/01/2026, 06:00:41 PM UTC
05/01/2026, 06:00:41 PM UTC",Larceny/Theft Offenses - ,"05/01/2026, 06:04:12 PM UTC",search
c6f23ad4-54af-4a41-88d9-e33a436917e6,University of Minnesota MN PD (Twin Cities),481,"04/01/2026, 06:00:41 PM UTC
05/01/2026, 06:00:41 PM UTC",Larceny/Theft Offenses - ,"05/01/2026, 06:04:34 PM UTC",search
f611a824-eeb7-4b0a-93fe-8e8a0768e18c,University of Minnesota MN PD (Twin Cities),481,"04/01/2026, 06:00:41 PM UTC
05/01/2026, 06:00:41 PM UTC",Larceny/Theft Offenses - ,"05/01/2026, 06:06:03 PM UTC",search
bdfd2973-eac8-4781-90ee-89768ee846bc,University of Minnesota MN PD (Twin Cities),481,"04/01/2026, 06:00:41 PM UTC
05/01/2026, 06:00:41 PM UTC",Larceny/Theft Offenses - ,"05/01/2026, 06:06:14 PM UTC",search
6f790e82-6012-4698-8fbd-dc218865c9e1,University of Minnesota MN PD (Twin Cities),481,"04/01/2026, 06:00:41 PM UTC
05/01/2026, 06:00:41 PM UTC",Larceny/Theft Offenses - ,"05/01/2026, 06:06:45 PM UTC",search
83e576a5-d0b1-473f-944b-98985e9cc0ec,University of Minnesota MN PD (Twin Cities),481,"04/29/2026, 06:00:00 PM UTC
05/01/2026, 06:00:00 PM UTC",Larceny/Theft Offenses - ,"05/01/2026, 06:08:00 PM UTC",search
f8bd3320-99ac-466c-875e-d6de4a8d210e,University of Minnesota MN PD (Twin Cities),481,"04/29/2026, 06:00:00 PM UTC
05/01/2026, 06:00:00 PM UTC",Larceny/Theft Offenses - ,"05/01/2026, 06:17:53 PM UTC",search
252de434-2024-49b2-bd60-c956924650b4,University of Minnesota MN PD (Twin Cities),481,"04/30/2026, 12:00:00 PM UTC
05/01/2026, 12:00:00 AM UTC",Larceny/Theft Offenses - ,"05/01/2026, 06:19:13 PM UTC",search
1091b3df-6749-4dde-8e6e-3bbecec1b123,University of Minnesota MN PD (Twin Cities),75,"05/01/2026, 11:00:33 PM UTC
05/02/2026, 11:00:33 PM UTC",Motor Vehicle Theft/Stolen - fresh stolen,"05/02/2026, 10:34:34 PM UTC",lookup
3bcc2672-cbe3-48fb-9417-b257f7773c5b,University of Minnesota MN PD (Twin Cities),78,"05/01/2026, 11:00:10 PM UTC
05/02/2026, 11:00:10 PM UTC",Motor Vehicle Theft/Stolen - ,"05/02/2026, 10:35:12 PM UTC",lookup
5e579e36-673a-4345-81c2-6020e2b9a0ed,University of Minnesota MN PD (Twin Cities),1,"04/01/2026, 03:00:00 PM UTC
05/01/2026, 05:00:00 PM UTC",Weapons Offense (Guns/Shots Fired) - ,"05/01/2026, 04:45:28 PM UTC",lookup
4b52c7b6-62b3-4e79-bc43-cb519d715f7f,University of Minnesota MN PD (Twin Cities),1,"05/01/2026, 03:30:14 PM UTC
05/01/2026, 05:30:14 PM UTC",Weapons Offense (Guns/Shots Fired) - Shooting,"05/01/2026, 05:05:17 PM UTC",search
afe1b99d-b059-4aad-930d-d3f11852c70d,University of Minnesota MN PD (Twin Cities),1,"05/01/2026, 03:30:14 PM UTC
05/01/2026, 05:30:14 PM UTC",Weapons Offense (Guns/Shots Fired) - Shooting,"05/01/2026, 05:05:47 PM UTC",search
43b88a5b-5daf-4ef6-a51e-cad6a49998ef,University of Minnesota MN PD (Twin Cities),78,"04/30/2026, 05:30:20 PM UTC
05/01/2026, 05:30:20 PM UTC",Assault/Battery Offenses - ,"05/01/2026, 05:10:22 PM UTC",lookup
492203d6-1268-443b-9d40-88d4ce3af9e2,University of Minnesota MN PD (Twin Cities),78,"04/30/2026, 05:30:20 PM UTC
05/01/2026, 05:30:20 PM UTC",Assault/Battery Offenses - ,"05/01/2026, 05:10:30 PM UTC",lookup
73ccace9-407f-44ae-8329-5290e0f5cfb6,University of Minnesota MN PD (Twin Cities),76,"05/22/2026, 02:00:52 PM UTC
05/22/2026, 04:00:52 PM UTC",Welfare Check - ,"05/22/2026, 03:36:00 PM UTC",lookup
8e01525a-7212-4c4a-ac56-977d16a72dfb,University of Minnesota MN PD (Twin Cities),1,"05/22/2026, 01:30:12 PM UTC
05/22/2026, 03:30:12 PM UTC",Welfare Check - ,"05/22/2026, 03:40:55 PM UTC",lookup
ca8843b8-baef-414f-893c-840883fa54f3,University of Minnesota MN PD (Twin Cities),76,"05/22/2026, 04:30:47 PM UTC
05/22/2026, 06:30:47 PM UTC",Motor Vehicle Theft/Stolen - ,"05/22/2026, 06:08:16 PM UTC",lookup
4618c5ff-e024-4306-aeed-52987a6a520f,University of Minnesota MN PD (Twin Cities),1,"05/22/2026, 01:30:12 PM UTC
05/22/2026, 03:30:12 PM UTC",Welfare Check - ,"05/22/2026, 03:29:46 PM UTC",lookup
5982982f-aa41-4272-90cd-d8a49d7de023,University of Minnesota MN PD (Twin Cities),1,"05/12/2026, 06:00:00 PM UTC
05/12/2026, 09:00:00 PM UTC",Larceny/Theft Offenses - ,"05/22/2026, 08:39:18 PM UTC",search
e781b76b-5fd3-4b54-9e11-7f837d2cfd1c,University of Minnesota MN PD (Twin Cities),73,"05/16/2026, 06:00:00 AM UTC
05/23/2026, 02:00:00 AM UTC",Disorderly Conduct/Disturbance - BOLO,"05/23/2026, 01:34:29 AM UTC",lookup
975c57e2-ba8d-48f1-a417-5f6289f0ce9b,University of Minnesota MN PD (Twin Cities),73,"05/16/2026, 06:00:00 AM UTC
05/23/2026, 02:00:00 AM UTC",Disorderly Conduct/Disturbance - BOLO,"05/23/2026, 01:34:37 AM UTC",lookup
0087b0c8-6b7a-4ef9-bb72-7c31f6b32be3,University of Minnesota MN PD (Twin Cities),73,"05/16/2026, 06:00:00 AM UTC
05/23/2026, 02:00:00 AM UTC",Disorderly Conduct/Disturbance - BOLO,"05/23/2026, 01:34:45 AM UTC",lookup
03859d41-9d9f-42c9-b73b-3533a956ea9e,University of Minnesota MN PD (Twin Cities),73,"05/16/2026, 06:00:00 AM UTC
05/23/2026, 02:00:00 AM UTC",Disorderly Conduct/Disturbance - BOLO,"05/23/2026, 01:34:54 AM UTC",search
41cfc18e-aa19-41c3-ad12-f12c9a1304f3,University of Minnesota MN PD (Twin Cities),73,"05/16/2026, 06:00:00 AM UTC
05/18/2026, 04:30:00 AM UTC",Disorderly Conduct/Disturbance - BOLO,"05/23/2026, 01:35:10 AM UTC",search
e28e88e7-a8ff-4bab-9883-4eadc9b963f6,University of Minnesota MN PD (Twin Cities),1,"05/16/2026, 06:00:00 AM UTC
05/18/2026, 04:30:00 AM UTC",Disorderly Conduct/Disturbance - BOLO,"05/23/2026, 01:35:16 AM UTC",search
ea89e377-e105-4e67-9cb5-83e79b82ffed,University of Minnesota MN PD (Twin Cities),73,"05/16/2026, 06:00:00 AM UTC
05/18/2026, 04:30:00 AM UTC",Disorderly Conduct/Disturbance - BOLO,"05/23/2026, 01:36:10 AM UTC",search
42f010ef-2628-4ac6-9ba1-df523fb7d324,University of Minnesota MN PD (Twin Cities),73,"05/16/2026, 06:00:00 AM UTC
05/18/2026, 04:30:00 AM UTC",Disorderly Conduct/Disturbance - BOLO,"05/23/2026, 01:45:47 AM UTC",lookup
42eef5b3-d1af-46c7-85d8-f766af50e17b,University of Minnesota MN PD (Twin Cities),73,"05/16/2026, 06:00:00 AM UTC
05/18/2026, 04:30:00 AM UTC",Disorderly Conduct/Disturbance - BOLO,"05/23/2026, 01:46:07 AM UTC",lookup
703ebb0b-effb-4451-962c-a9fcff4a92af,University of Minnesota MN PD (Twin Cities),73,"05/16/2026, 06:00:00 AM UTC
05/18/2026, 04:30:00 AM UTC",Disorderly Conduct/Disturbance - BOLO,"05/23/2026, 01:46:14 AM UTC",search
ebb6942a-cfa5-40f8-99da-e2cc2b6194a7,University of Minnesota MN PD (Twin Cities),73,"05/16/2026, 06:00:00 AM UTC
05/18/2026, 04:30:00 AM UTC",Disorderly Conduct/Disturbance - BOLO,"05/23/2026, 01:46:48 AM UTC",search
c1edffe0-1e96-4c03-99e1-36dedabf5245,University of Minnesota MN PD (Twin Cities),1,"05/23/2026, 04:00:35 PM UTC
05/23/2026, 06:00:35 PM UTC",Motor Vehicle Theft/Stolen - ,"05/23/2026, 05:55:57 PM UTC",lookup
ea604225-7621-48a3-9da3-6499082d70b4,University of Minnesota MN PD (Twin Cities),1,"05/16/2026, 06:00:58 PM UTC
05/23/2026, 06:00:58 PM UTC",Motor Vehicle Theft/Stolen - ,"05/23/2026, 05:56:00 PM UTC",lookup
5513927b-f52e-4e70-a4a0-b62e2a672c0f,University of Minnesota MN PD (Twin Cities),73,"05/23/2026, 07:00:27 PM UTC
05/23/2026, 09:00:27 PM UTC",Motor Vehicle Theft/Stolen - FRESH STOLEN,"05/23/2026, 08:31:46 PM UTC",lookup
44eed377-5d7b-409e-8097-6f0e3587b946,University of Minnesota MN PD (Twin Cities),78,"04/30/2026, 07:30:14 PM UTC
05/07/2026, 07:30:14 PM UTC",Motor Vehicle Theft/Stolen - ,"05/07/2026, 07:25:16 PM UTC",lookup
85e7c524-2009-429f-b5bc-a95ece76fe35,University of Minnesota MN PD (Twin Cities),479,"04/07/2026, 08:00:34 PM UTC
05/07/2026, 08:00:34 PM UTC",Wanted Person (Arrest Warrant/Fugitive) - ,"05/07/2026, 07:30:49 PM UTC",lookup
c8851471-73c8-4b20-98eb-4c82655b15f8,University of Minnesota MN PD (Twin Cities),479,"04/07/2026, 08:00:34 PM UTC
05/07/2026, 08:00:34 PM UTC",Wanted Person (Arrest Warrant/Fugitive) - ,"05/07/2026, 07:34:42 PM UTC",lookup
b48fe276-3cbf-4be5-ac39-a6aafc0ade13,University of Minnesota MN PD (Twin Cities),75,"05/07/2026, 01:30:49 AM UTC
05/08/2026, 01:30:49 AM UTC",Motor Vehicle Theft/Stolen - LOCATING STOLEN VEHICLE IN AREA,"05/08/2026, 01:12:11 AM UTC",lookup
767d523c-81ac-4681-a105-076e5c7719e4,University of Minnesota MN PD (Twin Cities),1,"05/08/2026, 10:00:00 AM UTC
05/08/2026, 10:05:00 AM UTC",Destruction/Damage/Vandalism of Property - ,"05/08/2026, 12:04:32 PM UTC",search
94ba3ed6-55a9-4c39-a18a-f20203900918,University of Minnesota MN PD (Twin Cities),1,"05/08/2026, 09:50:00 AM UTC
05/08/2026, 10:05:00 AM UTC",Destruction/Damage/Vandalism of Property - ,"05/08/2026, 12:04:52 PM UTC",search
71a6cccd-e1d7-425a-8357-4e9bac1f1650,University of Minnesota MN PD (Twin Cities),1,"05/08/2026, 09:50:00 AM UTC
05/08/2026, 10:05:00 AM UTC",Destruction/Damage/Vandalism of Property - ,"05/08/2026, 12:05:20 PM UTC",search
f4c8cf92-145e-4928-8d5c-6dec4027fc95,University of Minnesota MN PD (Twin Cities),1,"05/08/2026, 10:30:47 AM UTC
05/08/2026, 12:30:47 PM UTC",Destruction/Damage/Vandalism of Property - ,"05/08/2026, 12:05:49 PM UTC",search
d5d146f6-a818-494f-a915-a505b16438e1,University of Minnesota MN PD (Twin Cities),1,"05/08/2026, 10:00:00 AM UTC
05/08/2026, 10:30:00 AM UTC",Destruction/Damage/Vandalism of Property - ,"05/08/2026, 12:06:47 PM UTC",search
9d68f043-fdf5-4aeb-9be2-8088f4dcb329,University of Minnesota MN PD (Twin Cities),1,"05/08/2026, 10:00:00 AM UTC
05/08/2026, 12:30:00 PM UTC",Destruction/Damage/Vandalism of Property - ,"05/08/2026, 12:06:55 PM UTC",search
9ce3f66e-dca9-4164-8f91-c22b27660e19,University of Minnesota MN PD (Twin Cities),1,"05/08/2026, 10:00:00 AM UTC
05/08/2026, 10:30:00 AM UTC",Destruction/Damage/Vandalism of Property - ,"05/08/2026, 12:07:34 PM UTC",search
5f6f15d2-c702-4369-b09a-07ca279ccd3d,University of Minnesota MN PD (Twin Cities),75,"05/07/2026, 01:30:49 AM UTC
05/08/2026, 01:30:49 AM UTC",Motor Vehicle Theft/Stolen - LOCATING STOLEN VEHICLE IN AREA,"05/08/2026, 01:12:27 AM UTC",lookup
5acaba96-27f9-40ce-8a10-13d4be2a6c16,University of Minnesota MN PD (Twin Cities),75,"05/07/2026, 01:30:49 AM UTC
05/08/2026, 01:30:49 AM UTC",Motor Vehicle Theft/Stolen - LOCATING STOLEN VEHICLE IN AREA,"05/08/2026, 01:12:56 AM UTC",lookup
10623059-6a1b-4436-acae-535118f1b7af,University of Minnesota MN PD (Twin Cities),74,"05/07/2026, 01:30:27 PM UTC
05/08/2026, 01:30:27 AM UTC",Motor Vehicle Theft/Stolen - LOCATING VEHICLE AFTER SEEING IT IN AREA,"05/08/2026, 01:18:28 AM UTC",lookup
77b50710-1e97-4b3f-8231-9d0b14642c2e,University of Minnesota MN PD (Twin Cities),74,"05/07/2026, 01:30:27 PM UTC
05/08/2026, 01:30:27 AM UTC",Motor Vehicle Theft/Stolen - LOCATING VEHICLE AFTER SEEING IT IN AREA,"05/08/2026, 01:19:01 AM UTC",lookup
0c567c17-f9c9-4b92-acd9-fd797e444315,University of Minnesota MN PD (Twin Cities),1,"05/09/2026, 03:30:57 AM UTC
05/09/2026, 05:30:57 AM UTC",Missing/Endangered Person/Runaway - ,"05/09/2026, 05:01:25 AM UTC",lookup
6f0b1749-dff7-4d89-9d90-906d4c41248c,University of Minnesota MN PD (Twin Cities),1,"05/07/2026, 03:30:57 AM UTC
05/09/2026, 05:30:57 AM UTC",Missing/Endangered Person/Runaway - ,"05/09/2026, 05:01:33 AM UTC",lookup
6f418f9a-a687-4d69-97ef-6518d2d2df98,University of Minnesota MN PD (Twin Cities),1,"05/02/2026, 10:00:00 PM UTC
05/03/2026, 08:00:00 AM UTC",Destruction/Damage/Vandalism of Property - ,"05/08/2026, 07:27:36 PM UTC",search
9d7bf9df-7f52-4539-a6dc-694ce70003e4,University of Minnesota MN PD (Twin Cities),1,"05/02/2026, 10:00:00 PM UTC
05/03/2026, 08:30:00 AM UTC",Destruction/Damage/Vandalism of Property - ,"05/08/2026, 07:27:59 PM UTC",search
c432b282-9445-4568-ab32-a2faa66252f6,University of Minnesota MN PD (Twin Cities),1,"05/02/2026, 10:00:00 PM UTC
05/03/2026, 08:30:00 AM UTC",Destruction/Damage/Vandalism of Property - ,"05/08/2026, 07:37:31 PM UTC",search
57e27ad7-d9f6-4a03-af34-456adb33d928,University of Minnesota MN PD (Twin Cities),1,"04/08/2026, 08:00:00 PM UTC
05/08/2026, 08:00:00 PM UTC",Destruction/Damage/Vandalism of Property - ,"05/08/2026, 07:46:05 PM UTC",lookup
8f56b19a-e617-4746-83b2-c15c88abb73c,University of Minnesota MN PD (Twin Cities),479,"04/08/2026, 08:00:00 PM UTC
05/08/2026, 08:00:00 PM UTC",Destruction/Damage/Vandalism of Property - ,"05/08/2026, 07:46:22 PM UTC",lookup
b1a26664-cb98-4b2f-ae1c-534e057e041b,University of Minnesota MN PD (Twin Cities),74,"05/07/2026, 12:00:35 AM UTC
05/09/2026, 12:00:35 AM UTC",Motor Vehicle Theft/Stolen - Stolen,"05/08/2026, 11:57:39 PM UTC",lookup
726517f0-4a0f-4885-bebf-17cef174f1db,University of Minnesota MN PD (Twin Cities),78,"05/09/2026, 08:30:00 PM UTC
05/09/2026, 10:30:00 PM UTC",Larceny/Theft Offenses - ,"05/09/2026, 10:11:49 PM UTC",search
ee01036e-af2e-4f71-bec3-f0ef8f667152,University of Minnesota MN PD (Twin Cities),1,"05/09/2026, 08:30:00 PM UTC
05/09/2026, 10:30:00 PM UTC",Larceny/Theft Offenses - ,"05/09/2026, 10:12:13 PM UTC",search
c3f9a734-8119-4446-be69-c95ac9253d7b,University of Minnesota MN PD (Twin Cities),479,"04/08/2026, 07:00:58 PM UTC
05/08/2026, 07:00:58 PM UTC",Destruction/Damage/Vandalism of Property - ,"05/08/2026, 06:43:00 PM UTC",lookup
a755cb11-5f3a-4906-bb2f-f264ba45a898,University of Minnesota MN PD (Twin Cities),479,"04/08/2026, 07:00:58 PM UTC
05/08/2026, 07:00:58 PM UTC",Destruction/Damage/Vandalism of Property - ,"05/08/2026, 06:43:22 PM UTC",lookup
81e5cb2c-b9c5-4994-bc61-4afebd076f3d,University of Minnesota MN PD (Twin Cities),1,"04/08/2026, 07:00:58 PM UTC
05/08/2026, 07:00:58 PM UTC",Destruction/Damage/Vandalism of Property - ,"05/08/2026, 06:44:05 PM UTC",search
2de1ae63-c73d-4ff0-96e2-cb13cac21baf,University of Minnesota MN PD (Twin Cities),479,"04/08/2026, 07:00:58 PM UTC
05/08/2026, 07:00:58 PM UTC",Destruction/Damage/Vandalism of Property - ,"05/08/2026, 06:44:44 PM UTC",search
dda17c4a-a320-4446-80bb-ffe4b4b3e5db,University of Minnesota MN PD (Twin Cities),479,"04/08/2026, 07:00:58 PM UTC
05/08/2026, 07:00:58 PM UTC",Destruction/Damage/Vandalism of Property - ,"05/08/2026, 06:45:57 PM UTC",search
1140e9f7-2cc5-4b2b-92e3-ec8ee0c3f436,University of Minnesota MN PD (Twin Cities),479,"04/08/2026, 07:00:58 PM UTC
05/08/2026, 07:00:58 PM UTC",Destruction/Damage/Vandalism of Property - ,"05/08/2026, 06:46:06 PM UTC",search
9a11bc1f-9cb1-4896-afce-c43dbd9edf80,University of Minnesota MN PD (Twin Cities),479,"04/08/2026, 07:00:58 PM UTC
05/08/2026, 07:00:58 PM UTC",Destruction/Damage/Vandalism of Property - ,"05/08/2026, 06:50:47 PM UTC",search
be835e87-147d-40dc-ae52-3b47fb573b34,University of Minnesota MN PD (Twin Cities),1,"05/01/2026, 07:00:00 PM UTC
05/08/2026, 07:00:00 PM UTC",Destruction/Damage/Vandalism of Property - ,"05/08/2026, 06:54:55 PM UTC",search
403eb91a-61ad-49b7-bc70-8b5713c759ec,University of Minnesota MN PD (Twin Cities),1,"04/08/2026, 07:00:45 PM UTC
05/08/2026, 07:00:45 PM UTC",Destruction/Damage/Vandalism of Property - ,"05/08/2026, 06:55:49 PM UTC",search
edd55efb-5230-4514-b29c-eaec4726710d,University of Minnesota MN PD (Twin Cities),479,"04/08/2026, 07:00:45 PM UTC
05/08/2026, 07:00:45 PM UTC",Destruction/Damage/Vandalism of Property - ,"05/08/2026, 06:56:39 PM UTC",search
3f1fb6ec-d65c-4c8c-8d37-fe0e389b657a,University of Minnesota MN PD (Twin Cities),479,"05/01/2026, 05:00:00 PM UTC
05/05/2026, 07:00:00 PM UTC",Destruction/Damage/Vandalism of Property - ,"05/08/2026, 07:13:01 PM UTC",search
e322706e-d138-4da0-911e-b99562dda68a,University of Minnesota MN PD (Twin Cities),479,"05/02/2026, 05:00:00 PM UTC
05/03/2026, 07:00:00 PM UTC",Destruction/Damage/Vandalism of Property - ,"05/08/2026, 07:13:28 PM UTC",search
87769174-3e38-42f3-801f-247f47043cfd,University of Minnesota MN PD (Twin Cities),479,"05/02/2026, 05:00:00 PM UTC
05/03/2026, 07:00:00 PM UTC",Destruction/Damage/Vandalism of Property - ,"05/08/2026, 07:13:55 PM UTC",search
23158019-ef1c-4c4c-820f-6b4fab37773e,University of Minnesota MN PD (Twin Cities),73,"05/16/2026, 02:30:53 AM UTC
05/17/2026, 02:30:53 PM UTC",Motor Vehicle Theft/Stolen - MPD Stolen,"05/17/2026, 02:21:07 PM UTC",lookup
b2f359ce-e54b-46b8-a841-15cc5d876a9c,University of Minnesota MN PD (Twin Cities),73,"05/16/2026, 02:30:53 AM UTC
05/17/2026, 02:30:53 PM UTC",Motor Vehicle Theft/Stolen - MPD Stolen,"05/17/2026, 02:21:52 PM UTC",lookup
345cc3e4-39a6-424f-b36c-55492e972d3d,University of Minnesota MN PD (Twin Cities),75,"05/16/2026, 06:00:00 PM UTC
05/17/2026, 01:00:00 AM UTC",Assault/Battery Offenses (Domestic) - Suspect Vehicle,"05/17/2026, 12:57:59 AM UTC",search
885aa534-3d17-40d3-a45e-6aeccc29c0a6,University of Minnesota MN PD (Twin Cities),1,"05/16/2026, 06:00:00 PM UTC
05/17/2026, 01:00:00 AM UTC",Assault/Battery Offenses (Domestic) - Suspect Vehicle,"05/17/2026, 12:59:07 AM UTC",search
2ba664c8-e419-437d-9ea0-6082c976d592,University of Minnesota MN PD (Twin Cities),1,"05/14/2026, 12:00:44 PM UTC
05/16/2026, 12:00:44 PM UTC",Weapons Offense (Guns/Shots Fired) - MPD Shoot Vehicle,"05/16/2026, 11:43:00 AM UTC",lookup
dcafbbcc-3457-4ce4-978a-af5b676df6e4,University of Minnesota MN PD (Twin Cities),1,"05/01/2026, 12:00:00 PM UTC
05/16/2026, 12:00:44 PM UTC",Weapons Offense (Guns/Shots Fired) - MPD Shoot Vehicle,"05/16/2026, 11:43:07 AM UTC",lookup
a891431e-b6b8-49ce-bd2b-4c3a883b9aa4,University of Minnesota MN PD (Twin Cities),1,"05/16/2026, 03:30:20 PM UTC
05/17/2026, 03:30:20 PM UTC",Motor Vehicle Theft/Stolen - stolen,"05/17/2026, 03:01:23 PM UTC",search
92b8af4f-2f34-48ed-866d-ee6c04144d03,University of Minnesota MN PD (Twin Cities),1,"05/16/2026, 03:30:01 PM UTC
05/17/2026, 03:30:01 PM UTC",Motor Vehicle Theft/Stolen - ,"05/17/2026, 03:02:04 PM UTC",lookup
8b88a2f3-b656-47f3-917c-abc7a1deacbe,University of Minnesota MN PD (Twin Cities),73,"05/16/2026, 03:30:40 PM UTC
05/17/2026, 03:30:40 PM UTC",Motor Vehicle Theft/Stolen - UMPD Stolen,"05/17/2026, 03:27:19 PM UTC",lookup
14a8e6fd-eca6-4c24-99d5-363d8af9aa71,University of Minnesota MN PD (Twin Cities),479,"04/18/2026, 01:00:40 PM UTC
05/18/2026, 01:00:40 PM UTC",Destruction/Damage/Vandalism of Property - ,"05/18/2026, 12:54:47 PM UTC",lookup
0020bdab-4508-4aea-9e38-3d35740436d5,University of Minnesota MN PD (Twin Cities),478,"04/18/2026, 01:00:40 PM UTC
05/18/2026, 01:00:40 PM UTC",Destruction/Damage/Vandalism of Property - ,"05/18/2026, 09:07:44 PM UTC",lookup
0f81f3df-85bb-49d7-a502-a3f64e84153b,University of Minnesota MN PD (Twin Cities),73,"05/28/2026, 11:30:01 AM UTC
05/28/2026, 01:30:01 PM UTC",Weapons Offense (Guns/Shots Fired) - Shooting Suspect Vehicle Shakopee,"05/28/2026, 01:15:18 PM UTC",lookup
6af42506-0e6a-4aa6-8a76-d57d87caf5db,University of Minnesota MN PD (Twin Cities),102,"05/27/2026, 01:30:37 PM UTC
05/28/2026, 01:30:37 PM UTC",Weapons Offense (Guns/Shots Fired) - Shooting Suspect Vehicle Shakopee,"05/28/2026, 01:15:39 PM UTC",lookup
dd51dccb-6388-4dfc-9979-6a58d42364f9,University of Minnesota MN PD (Twin Cities),476,"04/28/2026, 12:30:30 PM UTC
05/28/2026, 12:30:30 PM UTC",Larceny/Theft Offenses - suspect vehicle,"05/28/2026, 02:35:06 PM UTC",lookup
ff53fb0d-f2ff-4e30-ba88-77c62be2f85f,University of Minnesota MN PD (Twin Cities),1,"04/28/2026, 03:30:15 PM UTC
05/28/2026, 03:30:15 PM UTC",Obstructing the Police (Fleeing/Eluding) - St Anthony flee,"05/28/2026, 03:08:19 PM UTC",lookup
ade325d6-0aee-48c4-b304-f1f0848eaf2a,University of Minnesota MN PD (Twin Cities),73,"05/28/2026, 02:30:11 PM UTC
05/28/2026, 04:30:11 PM UTC",Trespass - ,"05/28/2026, 04:11:22 PM UTC",lookup
67a2a688-b27d-4d27-ad40-2107af6b7dcd,University of Minnesota MN PD (Twin Cities),73,"05/21/2026, 02:30:00 PM UTC
05/28/2026, 04:30:00 PM UTC",Trespass - ,"05/28/2026, 04:11:36 PM UTC",lookup
e979beff-b079-49bd-bc97-83a33bbe6215,University of Minnesota MN PD (Twin Cities),1,"04/28/2026, 08:30:00 PM UTC
05/28/2026, 08:00:32 PM UTC",Destruction/Damage/Vandalism of Property - ,"05/28/2026, 07:47:16 PM UTC",lookup
e458de0e-b8a1-4ab8-83e5-775a8ba93d29,University of Minnesota MN PD (Twin Cities),1,"04/28/2026, 08:30:00 PM UTC
05/28/2026, 08:00:32 PM UTC",Destruction/Damage/Vandalism of Property - ,"05/28/2026, 07:47:59 PM UTC",search
283bc021-223e-418b-89ee-18ae1aa935ae,University of Minnesota MN PD (Twin Cities),1,"05/27/2026, 09:00:12 PM UTC
05/28/2026, 09:00:12 PM UTC",Stolen Property Offenses - suspect vehicle,"05/28/2026, 08:35:17 PM UTC",search
7dfd4a73-92ac-496f-b8a7-ea43f34b83ea,University of Minnesota MN PD (Twin Cities),1,"05/27/2026, 09:00:12 PM UTC
05/28/2026, 09:00:12 PM UTC",Stolen Property Offenses - suspect vehicle,"05/28/2026, 08:37:09 PM UTC",search
be8d2408-208a-41b3-b02e-165aeba3f2f0,University of Minnesota MN PD (Twin Cities),1,"05/27/2026, 09:00:12 PM UTC
05/28/2026, 09:00:12 PM UTC",Stolen Property Offenses - suspect vehicle,"05/28/2026, 08:37:45 PM UTC",search
2afc4104-0031-4962-89cc-caa2f628052a,University of Minnesota MN PD (Twin Cities),1,"05/27/2026, 09:00:12 PM UTC
05/28/2026, 09:00:12 PM UTC",Stolen Property Offenses - suspect vehicle,"05/28/2026, 08:37:53 PM UTC",search
4b9ae5bf-69de-49c9-9edb-c90431ded78c,University of Minnesota MN PD (Twin Cities),476,"05/21/2026, 09:00:34 PM UTC
05/28/2026, 09:00:34 PM UTC",Stolen Property Offenses - suspect vehicle,"05/28/2026, 08:54:36 PM UTC",lookup
8a940ac0-5231-44cf-8922-9147fac77f77,University of Minnesota MN PD (Twin Cities),472,"04/28/2026, 08:30:00 PM UTC
05/28/2026, 08:00:32 PM UTC",Destruction/Damage/Vandalism of Property - ,"05/28/2026, 07:49:09 PM UTC",search
9c789945-6fcd-48e6-9387-d785bef7320a,University of Minnesota MN PD (Twin Cities),73,"05/28/2026, 09:00:00 AM UTC
05/28/2026, 11:00:00 AM UTC",Stolen Property Offenses - Suspect Vehicle,"05/28/2026, 07:49:59 PM UTC",search
dbef0d38-3b6d-4e95-b377-401d0d62101c,University of Minnesota MN PD (Twin Cities),73,"05/28/2026, 09:00:00 AM UTC
05/28/2026, 11:00:00 AM UTC",Stolen Property Offenses - Suspect Vehicle,"05/28/2026, 07:51:18 PM UTC",search
1f72e6ba-5147-4e8d-8379-464d405f06f5,University of Minnesota MN PD (Twin Cities),72,"05/28/2026, 05:45:16 AM UTC
05/29/2026, 05:45:16 AM UTC",Motor Vehicle Theft/Stolen - ,"05/29/2026, 05:45:18 AM UTC",lookup - Mobile
36bae886-4f5f-4982-9efe-91d7f1cf59b3,University of Minnesota MN PD (Twin Cities),76,"05/30/2026, 10:30:57 AM UTC
05/30/2026, 12:30:57 PM UTC",Larceny/Theft Offenses - ,"05/30/2026, 12:04:45 PM UTC",search
dcfc0059-773c-45e6-af7f-73f5a0476af8,University of Minnesota MN PD (Twin Cities),1,"05/30/2026, 10:30:57 AM UTC
05/30/2026, 12:30:57 PM UTC",Larceny/Theft Offenses - ,"05/30/2026, 12:05:56 PM UTC",search
10e4133a-6e3c-4ca3-9e09-4ccd038c4678,University of Minnesota MN PD (Twin Cities),476,"04/28/2026, 12:30:30 PM UTC
05/28/2026, 12:30:30 PM UTC",Larceny/Theft Offenses - suspect vehicle,"05/28/2026, 12:26:35 PM UTC",lookup
a962f976-3a0c-44b7-9ebf-b3e172a83ec3,University of Minnesota MN PD (Twin Cities),73,"05/28/2026, 06:00:00 AM UTC
05/28/2026, 02:00:00 PM UTC",Larceny/Theft Offenses - Theft,"05/28/2026, 08:57:23 PM UTC",lookup
d730d8a5-f4dc-401b-b1f1-bba23592a981,University of Minnesota MN PD (Twin Cities),73,"05/28/2026, 06:00:00 AM UTC
05/28/2026, 02:00:00 PM UTC",Larceny/Theft Offenses - Theft,"05/28/2026, 09:00:45 PM UTC",lookup
7e1c4640-b27a-4eea-8ff8-3a4d33adad54,University of Minnesota MN PD (Twin Cities),1,"05/22/2026, 11:00:57 PM UTC
05/29/2026, 11:00:57 PM UTC",Motor Vehicle Theft/Stolen - ,"05/29/2026, 10:37:59 PM UTC",lookup
290f4162-6e5c-418d-86a4-da824787756b,University of Minnesota MN PD (Twin Cities),73,"05/30/2026, 12:30:00 AM UTC
05/30/2026, 01:45:00 AM UTC",Larceny/Theft Offenses - Theft by Swindle,"05/30/2026, 02:25:18 AM UTC",search
27e92a23-3a05-4a85-9767-4628e495f3b1,University of Minnesota MN PD (Twin Cities),73,"05/30/2026, 12:30:00 AM UTC
05/30/2026, 01:45:00 AM UTC",Larceny/Theft Offenses - Theft by Swindle,"05/30/2026, 02:25:23 AM UTC",search
ed9e30ea-fb08-4442-a2fc-7fa3ad582934,University of Minnesota MN PD (Twin Cities),472,"05/23/2026, 12:00:00 PM UTC
05/29/2026, 05:30:27 PM UTC",Hit and Run/Car Accident - vehicle search,"05/29/2026, 05:12:01 PM UTC",search
28006d27-faf1-4c61-8060-fca3cd63298a,University of Minnesota MN PD (Twin Cities),472,"05/23/2026, 12:00:00 PM UTC
05/29/2026, 05:30:27 PM UTC",Hit and Run/Car Accident - vehicle search,"05/29/2026, 05:12:36 PM UTC",lookup
a6582d49-3cd7-4d21-b6d7-5cd30123b5e7,University of Minnesota MN PD (Twin Cities),472,"05/22/2026, 12:00:00 PM UTC
05/29/2026, 05:30:27 PM UTC",Hit and Run/Car Accident - vehicle search,"05/29/2026, 05:13:03 PM UTC",lookup
a337ce81-4755-4a7b-8a9e-dd2587d668ea,University of Minnesota MN PD (Twin Cities),1,"05/29/2026, 04:00:43 PM UTC
05/30/2026, 04:00:43 PM UTC",Welfare Check - ,"05/30/2026, 03:41:45 PM UTC",lookup
fd8fd48d-58d9-4f5f-91a5-b491061c3102,University of Minnesota MN PD (Twin Cities),76,"05/30/2026, 02:00:54 PM UTC
05/30/2026, 04:00:54 PM UTC",Traffic Infraction - ,"05/30/2026, 03:43:12 PM UTC",lookup
59724e98-819f-4d19-ba93-de5ea91b00ea,University of Minnesota MN PD (Twin Cities),1,"05/23/2026, 08:30:10 PM UTC
05/30/2026, 08:30:10 PM UTC",Motor Vehicle Theft/Stolen - ,"05/30/2026, 08:11:12 PM UTC",lookup
af64553b-154d-431e-b49a-a91c1a99ed82,University of Minnesota MN PD (Twin Cities),73,"05/28/2026, 12:00:17 PM UTC
05/29/2026, 12:00:17 PM UTC",Obstructing the Police (Fleeing/Eluding) - MPD Flee,"05/29/2026, 11:53:36 AM UTC",lookup
b2956ea0-8c91-49a7-a688-758263bcc879,University of Minnesota MN PD (Twin Cities),1,"05/26/2026, 11:00:02 AM UTC
05/26/2026, 01:00:02 PM UTC",Welfare Check - ,"05/26/2026, 12:44:44 PM UTC",lookup
c57ed31a-d1d7-473c-a281-29d5fae05eef,University of Minnesota MN PD (Twin Cities),1,"05/26/2026, 11:00:20 AM UTC
05/26/2026, 01:00:20 PM UTC",Welfare Check - ,"05/26/2026, 12:47:49 PM UTC",lookup
ab74c40d-749b-46f0-861a-d74a1fbc6f7e,University of Minnesota MN PD (Twin Cities),1,"05/26/2026, 05:00:39 PM UTC
05/26/2026, 07:00:39 PM UTC",Motor Vehicle Theft/Stolen - ,"05/26/2026, 06:55:52 PM UTC",lookup
45e5498b-afd3-4bc5-9f6c-38ea19219082,University of Minnesota MN PD (Twin Cities),76,"05/26/2026, 05:00:39 PM UTC
05/26/2026, 07:00:39 PM UTC",Motor Vehicle Theft/Stolen - ,"05/26/2026, 06:56:23 PM UTC",lookup
db168cb8-d80a-4b1e-b9b7-3c5dace55679,University of Minnesota MN PD (Twin Cities),76,"05/25/2026, 07:13:21 PM UTC
05/25/2026, 07:28:21 PM UTC",Kidnapping/Abduction - ,"05/25/2026, 07:28:52 PM UTC",search
cb03a7b9-aaef-46d1-825f-e614138b741a,University of Minnesota MN PD (Twin Cities),1,"05/25/2026, 07:13:21 PM UTC
05/25/2026, 07:28:21 PM UTC",Kidnapping/Abduction - ,"05/25/2026, 07:29:01 PM UTC",search
3bded472-6ba8-4e6d-b7e0-4cc732d4418d,University of Minnesota MN PD (Twin Cities),1,"05/25/2026, 07:13:21 PM UTC
05/25/2026, 07:28:21 PM UTC",Kidnapping/Abduction - ,"05/25/2026, 07:29:12 PM UTC",search
0c98e5f0-6a7e-4e89-add9-858d3e482e42,University of Minnesota MN PD (Twin Cities),1,"05/25/2026, 07:13:21 PM UTC
05/25/2026, 07:28:21 PM UTC",Kidnapping/Abduction - ,"05/25/2026, 07:46:41 PM UTC",search
7e7147bf-53f7-4646-b32a-74d355595650,University of Minnesota MN PD (Twin Cities),477,"05/19/2026, 03:00:24 PM UTC
05/26/2026, 03:00:24 PM UTC",Wanted Person (Arrest Warrant/Fugitive) - ,"05/26/2026, 02:49:29 PM UTC",lookup
e665bdc4-5293-4855-b5f3-3743a4daeee3,University of Minnesota MN PD (Twin Cities),1,"04/26/2026, 01:00:23 PM UTC
05/26/2026, 03:00:23 PM UTC",Hit and Run/Car Accident - ,"05/26/2026, 02:52:48 PM UTC",lookup
ddd0f8d3-8c04-4681-84e4-52e6f64c529f,University of Minnesota MN PD (Twin Cities),474,"04/26/2026, 01:00:23 PM UTC
05/26/2026, 03:00:23 PM UTC",Hit and Run/Car Accident - ,"05/26/2026, 02:54:05 PM UTC",lookup
a209ab80-71c5-4502-bb89-3bdbf68299e9,University of Minnesota MN PD (Twin Cities),477,"05/01/2026, 03:00:00 PM UTC
05/26/2026, 03:00:00 PM UTC",Wanted Person (Arrest Warrant/Fugitive) - ,"05/26/2026, 02:55:08 PM UTC",lookup
1c45f99e-a74e-4816-aa08-46741a99ae63,University of Minnesota MN PD (Twin Cities),474,"05/24/2026, 04:30:50 PM UTC
05/26/2026, 06:30:50 PM UTC",Motor Vehicle Theft/Stolen - ,"05/26/2026, 06:05:51 PM UTC",lookup
b1ec6f78-ca26-4a81-8e5f-f5b603cc52b8,University of Minnesota MN PD (Twin Cities),1,"05/24/2026, 03:30:07 PM UTC
05/26/2026, 03:30:07 PM UTC",Obstructing the Police (Fleeing/Eluding) - flee,"05/26/2026, 03:04:19 PM UTC",lookup
11965b18-4d82-4ddf-9f8c-2b4eeed987d5,University of Minnesota MN PD (Twin Cities),71,"05/24/2026, 03:30:07 PM UTC
05/26/2026, 03:30:07 PM UTC",Obstructing the Police (Fleeing/Eluding) - flee,"05/26/2026, 03:04:24 PM UTC",lookup
1e3d6c06-643d-46f1-a056-a1329745b462,University of Minnesota MN PD (Twin Cities),1,"05/11/2026, 11:00:00 AM UTC
05/12/2026, 04:00:00 AM UTC",Larceny/Theft Offenses - suspect vehicle,"05/27/2026, 03:05:48 PM UTC",search
8ab67a19-7389-4cfe-a936-3981b551671b,University of Minnesota MN PD (Twin Cities),1,"05/11/2026, 11:00:00 AM UTC
05/12/2026, 04:00:00 AM UTC",Larceny/Theft Offenses - suspect vehicle,"05/27/2026, 03:05:56 PM UTC",lookup
cfdcd037-3a41-4d94-856f-e6fc7c3a4e92,University of Minnesota MN PD (Twin Cities),1,"04/27/2026, 03:30:00 PM UTC
05/27/2026, 03:30:00 PM UTC",Larceny/Theft Offenses - suspect vehicle,"05/27/2026, 03:06:03 PM UTC",lookup
b43625ed-7991-4372-b7f3-b6b414922176,University of Minnesota MN PD (Twin Cities),477,"04/27/2026, 03:30:00 PM UTC
05/27/2026, 03:30:00 PM UTC",Larceny/Theft Offenses - suspect vehicle,"05/27/2026, 03:06:19 PM UTC",lookup
0197f4d1-188a-4ba5-b6d4-8068fab73df1,University of Minnesota MN PD (Twin Cities),1,"05/11/2026, 11:00:00 AM UTC
05/12/2026, 04:00:00 AM UTC",Larceny/Theft Offenses - suspect vehicle,"05/27/2026, 02:45:38 PM UTC",search
35e06b2c-74e6-4b8f-95a8-ff4f5e19203e,University of Minnesota MN PD (Twin Cities),1,"05/12/2026, 06:00:00 PM UTC
05/12/2026, 09:00:00 PM UTC",Larceny/Theft Offenses - ,"05/27/2026, 01:41:23 PM UTC",search
02284913-d1e4-44ae-ae49-20abd72af8f4,University of Minnesota MN PD (Twin Cities),1,"04/27/2026, 02:00:52 PM UTC
05/27/2026, 02:00:52 PM UTC",Indecent Exposure/Lewd - suspect vehicle,"05/27/2026, 01:42:01 PM UTC",lookup
8b853d01-bf1b-4db4-b0db-96d414fdf86a,University of Minnesota MN PD (Twin Cities),1,"04/27/2026, 02:00:52 PM UTC
05/27/2026, 02:00:52 PM UTC",Indecent Exposure/Lewd - suspect vehicle,"05/27/2026, 01:42:22 PM UTC",lookup
ae5cba14-cfea-4961-a4a4-45f2eb5e2a42,University of Minnesota MN PD (Twin Cities),477,"04/27/2026, 02:00:06 PM UTC
05/27/2026, 02:00:06 PM UTC",Indecent Exposure/Lewd - suspect vehicle,"05/27/2026, 01:54:09 PM UTC",lookup
26c5491e-489a-43a4-ba23-eabc8b1d3782,University of Minnesota MN PD (Twin Cities),1,"04/27/2026, 02:00:06 PM UTC
05/27/2026, 02:00:06 PM UTC",Indecent Exposure/Lewd - suspect vehicle,"05/27/2026, 01:54:38 PM UTC",lookup
1074f37c-396d-409c-b740-7e54048436d4,University of Minnesota MN PD (Twin Cities),1,"04/27/2026, 02:00:06 PM UTC
05/27/2026, 02:00:06 PM UTC",Indecent Exposure/Lewd - suspect vehicle,"05/27/2026, 01:58:01 PM UTC",lookup
988fc0ea-5fa4-4ccd-ad50-d34a5cee2112,University of Minnesota MN PD (Twin Cities),1,"04/27/2026, 02:00:06 PM UTC
05/27/2026, 02:00:06 PM UTC",Indecent Exposure/Lewd - suspect vehicle,"05/27/2026, 01:59:29 PM UTC",lookup
238a17bd-f2b0-4167-af99-a0c2ba571b2e,University of Minnesota MN PD (Twin Cities),1,"04/27/2026, 02:00:06 PM UTC
05/27/2026, 02:00:06 PM UTC",Indecent Exposure/Lewd - suspect vehicle,"05/27/2026, 01:59:45 PM UTC",lookup
1808c52a-09e9-497f-8d3f-d5776b055951,University of Minnesota MN PD (Twin Cities),1,"04/27/2026, 02:00:06 PM UTC
05/27/2026, 02:00:06 PM UTC",Indecent Exposure/Lewd - suspect vehicle,"05/27/2026, 02:00:34 PM UTC",lookup
cdb07015-79ae-4fbb-b1fd-a8582cf00655,University of Minnesota MN PD (Twin Cities),1,"04/27/2026, 02:00:06 PM UTC
05/27/2026, 02:00:06 PM UTC",Indecent Exposure/Lewd - suspect vehicle,"05/27/2026, 02:02:16 PM UTC",lookup
7a0c17eb-b974-44a7-b4e8-ce00373f5d4c,University of Minnesota MN PD (Twin Cities),477,"04/27/2026, 02:00:06 PM UTC
05/27/2026, 02:00:06 PM UTC",Indecent Exposure/Lewd - suspect vehicle,"05/27/2026, 02:02:29 PM UTC",lookup
d93e2340-8f74-4990-904b-80c58b504535,University of Minnesota MN PD (Twin Cities),477,"04/27/2026, 02:00:06 PM UTC
05/27/2026, 02:00:06 PM UTC",Indecent Exposure/Lewd - suspect vehicle,"05/27/2026, 02:03:18 PM UTC",lookup
f66011f3-6c51-4472-909d-6fd5653ab1fe,University of Minnesota MN PD (Twin Cities),76,"05/26/2026, 10:00:37 PM UTC
05/27/2026, 10:00:37 PM UTC",Homicide/Death Investigation - ,"05/27/2026, 09:56:39 PM UTC",lookup
1804efde-c630-44a7-82c9-4915c3ea51f1,University of Minnesota MN PD (Twin Cities),1,"05/26/2026, 10:00:37 PM UTC
05/27/2026, 10:00:37 PM UTC",Homicide/Death Investigation - ,"05/27/2026, 09:57:22 PM UTC",lookup
47256471-e87d-40bb-aeb1-c59650a6c51f,University of Minnesota MN PD (Twin Cities),1,"05/27/2026, 05:30:44 PM UTC
05/27/2026, 07:30:44 PM UTC",Homicide/Death Investigation - Canterbury,"05/27/2026, 07:10:51 PM UTC",search
0ce332eb-67bd-4473-b895-2342652d9e43,University of Minnesota MN PD (Twin Cities),1,"05/27/2026, 05:30:44 PM UTC
05/27/2026, 07:30:44 PM UTC",Homicide/Death Investigation - Canterbury,"05/27/2026, 07:11:40 PM UTC",search
98e65819-6c6e-421f-9a07-ae79abf0d4ed,University of Minnesota MN PD (Twin Cities),1,"05/27/2026, 07:30:36 AM UTC
05/27/2026, 07:30:36 PM UTC",Homicide/Death Investigation - Shakopee Homicide,"05/27/2026, 07:15:44 PM UTC",lookup
ac600c62-6c19-44dc-aeaf-961795db675f,University of Minnesota MN PD (Twin Cities),1,"04/28/2026, 05:30:00 PM UTC
05/27/2026, 07:30:44 PM UTC",Homicide/Death Investigation - Canterbury,"05/27/2026, 07:17:03 PM UTC",search
ff5fb328-f173-4ad8-aaef-fd53ee49b48c,University of Minnesota MN PD (Twin Cities),1,"05/24/2026, 01:30:33 PM UTC
05/31/2026, 01:30:33 PM UTC",Robbery - ,"05/31/2026, 01:18:35 PM UTC",lookup
d532d2bd-d5a0-45c6-8566-58adbef9f199,University of Minnesota MN PD (Twin Cities),72,"05/30/2026, 03:00:27 PM UTC
05/31/2026, 03:00:27 PM UTC",Motor Vehicle Theft/Stolen - Stolen,"05/31/2026, 02:51:30 PM UTC",lookup
f30a6d42-a57b-4e98-9ebb-afd710591610,University of Minnesota MN PD (Twin Cities),72,"05/17/2026, 03:00:40 PM UTC
05/31/2026, 03:00:40 PM UTC",Motor Vehicle Theft/Stolen - Stolen,"05/31/2026, 02:51:42 PM UTC",lookup
64ccf794-f094-4016-a738-74795ee471fa,University of Minnesota MN PD (Twin Cities),1,"05/29/2026, 03:00:04 PM UTC
05/31/2026, 03:00:04 PM UTC",Motor Vehicle Theft/Stolen - Stolen,"05/31/2026, 02:52:07 PM UTC",lookup
42c79c16-3ebe-480c-b5ae-7d9a08550c0d,University of Minnesota MN PD (Twin Cities),76,"05/31/2026, 08:30:33 PM UTC
05/31/2026, 10:30:33 PM UTC",Motor Vehicle Theft/Stolen - ,"05/31/2026, 10:12:01 PM UTC",lookup
f43c2b6e-2b74-4afa-bf27-7c6367b2cee5,University of Minnesota MN PD (Twin Cities),1,"05/30/2026, 10:30:54 PM UTC
05/31/2026, 10:30:54 PM UTC",Motor Vehicle Theft/Stolen - stolen,"05/31/2026, 10:13:05 PM UTC",lookup
008c4674-5d9f-4f2d-9a1a-c2ead5182e01,University of Minnesota MN PD (Twin Cities),76,"05/31/2026, 08:30:33 PM UTC
05/31/2026, 10:30:33 PM UTC",Motor Vehicle Theft/Stolen - ,"05/31/2026, 10:13:31 PM UTC",lookup
1f5d71ab-eeaf-4479-94a3-ab94fb69684a,University of Minnesota MN PD (Twin Cities),73,"05/31/2026, 08:30:02 PM UTC
05/31/2026, 10:30:02 PM UTC",Motor Vehicle Theft/Stolen - FRESH STOLEN,"05/31/2026, 10:13:46 PM UTC",lookup
537f6ad9-5878-4602-b130-a4b9ea5d34d4,University of Minnesota MN PD (Twin Cities),76,"05/31/2026, 08:30:18 PM UTC
05/31/2026, 10:30:18 PM UTC",Motor Vehicle Theft/Stolen - ,"05/31/2026, 10:14:37 PM UTC",lookup
93a8827a-77c8-4752-b0ec-cb9e9fcb63df,University of Minnesota MN PD (Twin Cities),76,"05/31/2026, 08:30:18 PM UTC
05/31/2026, 10:30:18 PM UTC",Motor Vehicle Theft/Stolen - ,"05/31/2026, 10:20:32 PM UTC",lookup
494b67dc-d61c-4cc2-90e9-14f234e71556,University of Minnesota MN PD (Twin Cities),102,"05/01/2026, 10:20:35 PM UTC
05/31/2026, 10:20:35 PM UTC",Motor Vehicle Theft/Stolen - ,"05/31/2026, 10:20:38 PM UTC",lookup
6d3b0279-cc2e-40f2-8170-3812ef23d740,University of Minnesota MN PD (Twin Cities),73,"06/01/2026, 12:30:10 AM UTC
06/01/2026, 02:30:10 AM UTC",Motor Vehicle Theft/Stolen - ,"06/01/2026, 02:05:41 AM UTC",lookup
21387598-ed9a-42d5-a796-c32116722beb,University of Minnesota MN PD (Twin Cities),102,"05/31/2026, 02:30:53 AM UTC
06/01/2026, 02:30:53 AM UTC",Criminal Motor Vehicle Offense (incl. Road Rage/Reckless) - ,"06/01/2026, 02:08:56 AM UTC",lookup
ba26c75d-28ee-41cc-8f11-6b451eb3f69a,University of Minnesota MN PD (Twin Cities),472,"05/25/2026, 08:07:49 AM UTC
06/01/2026, 08:07:49 AM UTC",Wanted Person (Arrest Warrant/Fugitive) - ,"06/01/2026, 08:07:50 AM UTC",lookup - Mobile
b327ffca-9826-436b-9d8c-ab0b29753085,University of Minnesota MN PD (Twin Cities),76,"05/31/2026, 08:30:18 PM UTC
05/31/2026, 10:30:18 PM UTC",Motor Vehicle Theft/Stolen - ,"05/31/2026, 10:41:13 PM UTC",lookup
